{
    "users": [
        {
            "id": 1,
            "tc_kimlik_no": "44444444444",
            "ad": "ömer faruk",
            "soyad": "çoşkun",
            "cinsiyet": "male",
            "dogum_tarihi": "2003-09-30",
            "email": "omerfaruk45@gmail.com",
            "telefon": "05524569878",
            "password": "pbkdf2:sha256:1000000$s3FolwFJDQJNSRDi$a706228c57640fd7e701828baa34f6ef6dbe12213dcf573f9ca8363cf1b291a4"
        }
    ],
    "doctors": [
        {
            "id": 1,
            "dr_tc_kimlik_no": "12345678343",
            "dr_ad": "Ahmet",
            "dr_soyad": "Yılmaz",
            "dr_cinsiyet": "male",
            "dr_dogum_gunu": "1980-05-10",
            "dr_email": "ahmet.yilmaz@example.com",
            "dr_uzmanlik_alani": "kardiyoloji",
            "dr_diploma_no": "DIP12345",
            "dr_telefon": "530 123 45 67",
            "dr_hastane_adi": "MediLife Hastanesi"
        },
        {
            "id": 2,
            "dr_tc_kimlik_no": "23456789012",
            "dr_ad": "Ayşe",
            "dr_soyad": "Demir",
            "dr_cinsiyet": "female",
            "dr_dogum_gunu": "1985-09-15",
            "dr_email": "ayse.demir@example.com",
            "dr_uzmanlik_alani": "kardiyoloji",
            "dr_diploma_no": "DIP23456",
            "dr_telefon": "531 234 56 78",
            "dr_hastane_adi": "Özel Göztepe Hastanesi"
        },
        {
            "id": 3,
            "dr_tc_kimlik_no": "34567890123",
            "dr_ad": "Mehmet",
            "dr_soyad": "Kara",
            "dr_cinsiyet": "male",
            "dr_dogum_gunu": "1990-12-10",
            "dr_email": "mehmet.kara06@example.com",
            "dr_uzmanlik_alani": "acil",
            "dr_diploma_no": "DIP12679",
            "dr_telefon": "532 345 67 89",
            "dr_hastane_adi": "Ankara Şehir Hastanesi"
        },
        {
            "id": 4,
            "dr_tc_kimlik_no": "45678901234",
            "dr_ad": "Fatma",
            "dr_soyad": "Çelik",
            "dr_cinsiyet": "female",
            "dr_dogum_gunu": "1990-02-14",
            "dr_email": "fatma.celik3432@example.com",
            "dr_uzmanlik_alani": "acil",
            "dr_diploma_no": "DIP23657",
            "dr_telefon": "533 456 78 90",
            "dr_hastane_adi": "Şifa Tıp Merkezi"
        },
        {
            "id": 5,
            "dr_tc_kimlik_no": "56789012345",
            "dr_ad": "Hasan ",
            "dr_soyad": "Öztürk",
            "dr_cinsiyet": "male",
            "dr_dogum_gunu": "1986-07-19",
            "dr_email": "hasan.ozturk349@gmail.com",
            "dr_uzmanlik_alani": "kalp",
            "dr_diploma_no": "DIP23095",
            "dr_telefon": "534 567 89 01",
            "dr_hastane_adi": "Medipol Hastanesi"
        },
        {
            "id": 6,
            "dr_tc_kimlik_no": "67890123456",
            "dr_ad": "Burcu ",
            "dr_soyad": "Aydın",
            "dr_cinsiyet": "female",
            "dr_dogum_gunu": "1995-07-19",
            "dr_email": "burcu.aydin6744@example.com",
            "dr_uzmanlik_alani": "kalp",
            "dr_diploma_no": "DIP593863",
            "dr_telefon": "535 678 90 12",
            "dr_hastane_adi": "Acıbadem Hastanesi"
        },
        {
            "id": 7,
            "dr_tc_kimlik_no": "78901234567",
            "dr_ad": "Emre",
            "dr_soyad": "Şahin",
            "dr_cinsiyet": "male",
            "dr_dogum_gunu": "1988-07-21",
            "dr_email": "emre.sahin466@example.com",
            "dr_uzmanlik_alani": "dahiliye",
            "dr_diploma_no": "DIP39043",
            "dr_telefon": "536 789 01 23",
            "dr_hastane_adi": "gümüşhane devlet hastanesi"
        },
        {
            "id": 8,
            "dr_tc_kimlik_no": "89012345678",
            "dr_ad": "Selin",
            "dr_soyad": "Kurt",
            "dr_cinsiyet": "female",
            "dr_dogum_gunu": "2000-10-10",
            "dr_email": "selin.kurt34@example.com",
            "dr_uzmanlik_alani": "dahiliye",
            "dr_diploma_no": "DIP384882233",
            "dr_telefon": "537 890 12 34",
            "dr_hastane_adi": "Medical Park"
        },
        {
            "id": 9,
            "dr_tc_kimlik_no": "90123456789",
            "dr_ad": "Okan",
            "dr_soyad": "Arslan",
            "dr_cinsiyet": "male",
            "dr_dogum_gunu": "1997-07-18",
            "dr_email": "okan.arslan1212@example.com",
            "dr_uzmanlik_alani": "noroloji",
            "dr_diploma_no": "DIP4344",
            "dr_telefon": "538 901 23 45",
            "dr_hastane_adi": "Özel Kent Hastanesi"
        },
        {
            "id": 10,
            "dr_tc_kimlik_no": "01234567890",
            "dr_ad": "Nazan",
            "dr_soyad": "Ergün",
            "dr_cinsiyet": "female",
            "dr_dogum_gunu": "1997-07-20",
            "dr_email": "nazan.ergun@example.com",
            "dr_uzmanlik_alani": "noroloji",
            "dr_diploma_no": "DIP38834",
            "dr_telefon": "539 012 34 56",
            "dr_hastane_adi": "Memorial Hastanesi"
        },
        {
            "id": 11,
            "dr_tc_kimlik_no": "45476544565",
            "dr_ad": "Levent",
            "dr_soyad": "Yıldız",
            "dr_cinsiyet": "male",
            "dr_dogum_gunu": "1994-06-18",
            "dr_email": "levent.yildiz4545@example.com",
            "dr_uzmanlik_alani": "ortopedi",
            "dr_diploma_no": "DIP288383",
            "dr_telefon": "530 000 00 06",
            "dr_hastane_adi": "Özel Göztepe Hastanesi"
        },
        {
            "id": 12,
            "dr_tc_kimlik_no": "75446455676",
            "dr_ad": "kerem",
            "dr_soyad": "Cesur",
            "dr_cinsiyet": "male",
            "dr_dogum_gunu": "1999-10-13",
            "dr_email": "kerem.cesur12@example.com",
            "dr_uzmanlik_alani": "ortopedi",
            "dr_diploma_no": "DIP394342",
            "dr_telefon": "530 000 00 08",
            "dr_hastane_adi": "Özel Kent Hastanesi"
        },
        {
            "id": 13,
            "dr_tc_kimlik_no": "97876543456",
            "dr_ad": "Merve",
            "dr_soyad": "Yalçın",
            "dr_cinsiyet": "female",
            "dr_dogum_gunu": "1998-06-19",
            "dr_email": "merve.yalcin5555@example.com",
            "dr_uzmanlik_alani": "cildiye",
            "dr_diploma_no": "DIP93422",
            "dr_telefon": "530 000 00 55",
            "dr_hastane_adi": "samsun devlet hastanesi"
        },
        {
            "id": 14,
            "dr_tc_kimlik_no": "98765432345",
            "dr_ad": "ali",
            "dr_soyad": "beyaz",
            "dr_cinsiyet": "male",
            "dr_dogum_gunu": "1994-10-19",
            "dr_email": "alibeyaz29@gmail.com",
            "dr_uzmanlik_alani": "cildiye",
            "dr_diploma_no": "DIP393929",
            "dr_telefon": "523 456 78 98",
            "dr_hastane_adi": "gümüşhane devlet hastanesi"
        },
        {
            "id": 15,
            "dr_tc_kimlik_no": "34898374939",
            "dr_ad": "Esra",
            "dr_soyad": "Güneş",
            "dr_cinsiyet": "female",
            "dr_dogum_gunu": "1997-07-20",
            "dr_email": "esragunes454@gmail.com",
            "dr_uzmanlik_alani": "goz",
            "dr_diploma_no": "DIP394539",
            "dr_telefon": "523 778 56 45",
            "dr_hastane_adi": "Özel Göztepe Hastanesi"
        },
        {
            "id": 16,
            "dr_tc_kimlik_no": "49859488398",
            "dr_ad": "Cem ",
            "dr_soyad": "Toprak",
            "dr_cinsiyet": "male",
            "dr_dogum_gunu": "1992-11-21",
            "dr_email": "cem.toprak@example.com",
            "dr_uzmanlik_alani": "goz",
            "dr_diploma_no": "DIP3495",
            "dr_telefon": "530 000 00 14",
            "dr_hastane_adi": "Acıbadem Hastanesi"
        },
        {
            "id": 17,
            "dr_tc_kimlik_no": "93456535635",
            "dr_ad": "Elif",
            "dr_soyad": "Acar",
            "dr_cinsiyet": "female",
            "dr_dogum_gunu": "1997-10-21",
            "dr_email": "elif.acar@example.com",
            "dr_uzmanlik_alani": "psikiyatri",
            "dr_diploma_no": "DIP3848728",
            "dr_telefon": "545 897 63 32",
            "dr_hastane_adi": "samsun devlet hastanesi"
        },
        {
            "id": 18,
            "dr_tc_kimlik_no": "66565115656",
            "dr_ad": "Kamil",
            "dr_soyad": "Ceylan",
            "dr_cinsiyet": "male",
            "dr_dogum_gunu": "1990-11-22",
            "dr_email": "kamil2434@gmail.com",
            "dr_uzmanlik_alani": "psikiyatri",
            "dr_diploma_no": "DIP39847387",
            "dr_telefon": "543 678 09 23",
            "dr_hastane_adi": "Özel Kent Hastanesi"
        },
        {
            "id": 19,
            "dr_tc_kimlik_no": "28563089100",
            "dr_ad": "Deniz",
            "dr_soyad": "Kaya",
            "dr_cinsiyet": "female",
            "dr_dogum_gunu": "1999-10-20",
            "dr_email": "deniz.kaya@acibadem.com",
            "dr_uzmanlik_alani": "uroloji",
            "dr_diploma_no": "DIP5468",
            "dr_telefon": "531 245 78 65",
            "dr_hastane_adi": "Acıbadem Maslak Hastanesi"
        },
        {
            "id": 20,
            "dr_tc_kimlik_no": "25369174234",
            "dr_ad": "Yusuf",
            "dr_soyad": "Demirtaş",
            "dr_cinsiyet": "male",
            "dr_dogum_gunu": "1992-09-23",
            "dr_email": "yusuf.demirtas@memorial.com",
            "dr_uzmanlik_alani": "uroloji",
            "dr_diploma_no": "DIP34983302",
            "dr_telefon": "532 945 88 21",
            "dr_hastane_adi": "Memorial Bahçelievler"
        },
        {
            "id": 21,
            "dr_tc_kimlik_no": "56775754645",
            "dr_ad": "Hilal",
            "dr_soyad": "Coşkun",
            "dr_cinsiyet": "female",
            "dr_dogum_gunu": "1987-06-23",
            "dr_email": "hilalcoskun@gmail.com",
            "dr_uzmanlik_alani": "kbb",
            "dr_diploma_no": "DIP584939",
            "dr_telefon": "547 456 78 98",
            "dr_hastane_adi": "Okmeydanı Eğitim ve Araştırma Hastanesi"
        },
        {
            "id": 22,
            "dr_tc_kimlik_no": "43756483748",
            "dr_ad": "murat",
            "dr_soyad": "koç",
            "dr_cinsiyet": "male",
            "dr_dogum_gunu": "1998-03-13",
            "dr_email": "muratkoc23@gmail.com",
            "dr_uzmanlik_alani": "kbb",
            "dr_diploma_no": "DIP84787",
            "dr_telefon": "548 789 69 65",
            "dr_hastane_adi": "İzmir Şehir Hastanesi"
        },
        {
            "id": 23,
            "dr_tc_kimlik_no": "34746658327",
            "dr_ad": "Erhan",
            "dr_soyad": "Şimşek",
            "dr_cinsiyet": "male",
            "dr_dogum_gunu": "1988-07-23",
            "dr_email": "erhansimsek345@gmail.com",
            "dr_uzmanlik_alani": "genelcerrahi",
            "dr_diploma_no": "DIP22329",
            "dr_telefon": "589 788 96 32",
            "dr_hastane_adi": "Kayseri Şehir Hastanesi"
        },
        {
            "id": 24,
            "dr_tc_kimlik_no": "76543567543",
            "dr_ad": "Ceylan",
            "dr_soyad": "Deniz",
            "dr_cinsiyet": "female",
            "dr_dogum_gunu": "1998-06-10",
            "dr_email": "ceylan3454@gmail.com",
            "dr_uzmanlik_alani": "genelcerrahi",
            "dr_diploma_no": "DIP47347",
            "dr_telefon": "567 545 65 43",
            "dr_hastane_adi": "Adana Şehir Hastanesi"
        },
        {
            "id": 25,
            "dr_tc_kimlik_no": "34567865434",
            "dr_ad": "Eren",
            "dr_soyad": "Karayılan",
            "dr_cinsiyet": "male",
            "dr_dogum_gunu": "1991-06-21",
            "dr_email": "erenkarayılan56@gmail.com",
            "dr_uzmanlik_alani": "endokrinoloji",
            "dr_diploma_no": "DIP283437",
            "dr_telefon": "567 645 67 57",
            "dr_hastane_adi": "Medical Center Hastanesi"
        },
        {
            "id": 26,
            "dr_tc_kimlik_no": "87454345324",
            "dr_ad": "Melahat",
            "dr_soyad": "Koz",
            "dr_cinsiyet": "female",
            "dr_dogum_gunu": "1996-10-23",
            "dr_email": "melahat345@gmail.com",
            "dr_uzmanlik_alani": "endokrinoloji",
            "dr_diploma_no": "DIP567883",
            "dr_telefon": "547 987 76 56",
            "dr_hastane_adi": "Gazi Üniversitesi Hastanesi"
        },
        {
            "id": 27,
            "dr_tc_kimlik_no": "23456788834",
            "dr_ad": "Tolga ",
            "dr_soyad": "çakır",
            "dr_cinsiyet": "male",
            "dr_dogum_gunu": "1994-07-23",
            "dr_email": "tolgacakır456@gmail.com",
            "dr_uzmanlik_alani": "nefroloji",
            "dr_diploma_no": "DIP3435676",
            "dr_telefon": "567 890 09 89",
            "dr_hastane_adi": "Özel Bilgi Hastanesi"
        },
        {
            "id": 28,
            "dr_tc_kimlik_no": "78766456534",
            "dr_ad": "Gözde",
            "dr_soyad": "Bozkurt",
            "dr_cinsiyet": "female",
            "dr_dogum_gunu": "1994-07-22",
            "dr_email": "gozde44@gmail.com",
            "dr_uzmanlik_alani": "nefroloji",
            "dr_diploma_no": "DIP43432",
            "dr_telefon": "547 789 12 34",
            "dr_hastane_adi": "Özel Anadolu Hastanesi"
        },
        {
            "id": 29,
            "dr_tc_kimlik_no": "12398765434",
            "dr_ad": "Onur",
            "dr_soyad": "ay",
            "dr_cinsiyet": "male",
            "dr_dogum_gunu": "1994-06-23",
            "dr_email": "onuray122@gmail.com",
            "dr_uzmanlik_alani": "romatoloji",
            "dr_diploma_no": "DIP74853",
            "dr_telefon": "567 876 54 56",
            "dr_hastane_adi": "Özel Göztepe Hastanesi"
        },
        {
            "id": 30,
            "dr_tc_kimlik_no": "75646464646",
            "dr_ad": "Duygu",
            "dr_soyad": "Tüfekçi",
            "dr_cinsiyet": "male",
            "dr_dogum_gunu": "1991-08-01",
            "dr_email": "duygu22@gmail.com",
            "dr_uzmanlik_alani": "romatoloji",
            "dr_diploma_no": "DIP127644",
            "dr_telefon": "567 976 54 56",
            "dr_hastane_adi": "gümüşhane devlet hastanesi"
        },
        {
            "id": 31,
            "dr_tc_kimlik_no": "66787878765",
            "dr_ad": "Nilay",
            "dr_soyad": "Arıkan",
            "dr_cinsiyet": "female",
            "dr_dogum_gunu": "1994-07-23",
            "dr_email": "nilayy45@gmail.com",
            "dr_uzmanlik_alani": "oncoloji",
            "dr_diploma_no": "DIP248778",
            "dr_telefon": "589 098 43 42",
            "dr_hastane_adi": "Özel Kent Hastanesi"
        },
        {
            "id": 32,
            "dr_tc_kimlik_no": "78976543564",
            "dr_ad": "Eray ",
            "dr_soyad": "Kurtuluş",
            "dr_cinsiyet": "male",
            "dr_dogum_gunu": "1995-07-23",
            "dr_email": "erayyy345@gmail.com",
            "dr_uzmanlik_alani": "oncoloji",
            "dr_diploma_no": "DIP34232",
            "dr_telefon": "567 890 34 21",
            "dr_hastane_adi": "samsun çarşamba devlet hastanesi"
        },
        {
            "id": 33,
            "dr_tc_kimlik_no": "23434335646",
            "dr_ad": "Gülşah",
            "dr_soyad": "Çolak",
            "dr_cinsiyet": "female",
            "dr_dogum_gunu": "1990-07-23",
            "dr_email": "gulsahcolakk23@gmail.com",
            "dr_uzmanlik_alani": "hematoloji",
            "dr_diploma_no": "DIP367567",
            "dr_telefon": "567 892 33 54",
            "dr_hastane_adi": "Acıbadem Hastanesi"
        },
        {
            "id": 34,
            "dr_tc_kimlik_no": "65764567656",
            "dr_ad": "Cihan",
            "dr_soyad": "Tek",
            "dr_cinsiyet": "male",
            "dr_dogum_gunu": "1994-06-23",
            "dr_email": "cihantek56@gmail.com",
            "dr_uzmanlik_alani": "hematoloji",
            "dr_diploma_no": "DIP47676",
            "dr_telefon": "590 766 44 55",
            "dr_hastane_adi": "Özel Göztepe Hastanesi"
        },
        {
            "id": 35,
            "dr_tc_kimlik_no": "56785433245",
            "dr_ad": "Umut",
            "dr_soyad": "Sönmez",
            "dr_cinsiyet": "male",
            "dr_dogum_gunu": "1998-11-21",
            "dr_email": "umutt45@gmail.com",
            "dr_uzmanlik_alani": "gast",
            "dr_diploma_no": "DIP346778",
            "dr_telefon": "567 898 76 54",
            "dr_hastane_adi": "Ege Üniversitesi Hastanesi"
        },
        {
            "id": 36,
            "dr_tc_kimlik_no": "89765432345",
            "dr_ad": "Onur",
            "dr_soyad": "Karan",
            "dr_cinsiyet": "male",
            "dr_dogum_gunu": "1997-10-23",
            "dr_email": "onurkaran34@gmail.com",
            "dr_uzmanlik_alani": "gast",
            "dr_diploma_no": "DIP39499",
            "dr_telefon": "567 765 43 23",
            "dr_hastane_adi": "Özel Göztepe Hastanesi"
        },
        {
            "id": 37,
            "dr_tc_kimlik_no": "23456876544",
            "dr_ad": "Nisa",
            "dr_soyad": "Erdem",
            "dr_cinsiyet": "female",
            "dr_dogum_gunu": "1994-07-22",
            "dr_email": "nisaerdem67@gmail.com",
            "dr_uzmanlik_alani": "enfeksiyon",
            "dr_diploma_no": "DIP5699",
            "dr_telefon": "578 995 44 45",
            "dr_hastane_adi": "Acıbadem Hastanesi"
        },
        {
            "id": 38,
            "dr_tc_kimlik_no": "98734323323",
            "dr_ad": "Muhammet",
            "dr_soyad": "Koca",
            "dr_cinsiyet": "male",
            "dr_dogum_gunu": "1998-11-22",
            "dr_email": "muhammet4556@gmail.com",
            "dr_uzmanlik_alani": "enfeksiyon",
            "dr_diploma_no": "DIP45095",
            "dr_telefon": "567 896 54 34",
            "dr_hastane_adi": "gümüşhane devlet hastanesi"
        },
        {
            "id": 39,
            "dr_tc_kimlik_no": "78564356765",
            "dr_ad": "Yusuf",
            "dr_soyad": "Kaplan",
            "dr_cinsiyet": "male",
            "dr_dogum_gunu": "1995-08-23",
            "dr_email": "yusufkaplam6767@hotmail.com",
            "dr_uzmanlik_alani": "anestezi",
            "dr_diploma_no": "DIP5693",
            "dr_telefon": "567 893 42 33",
            "dr_hastane_adi": "Acıbadem Hastanesi"
        },
        {
            "id": 40,
            "dr_tc_kimlik_no": "67843234565",
            "dr_ad": "Büşra",
            "dr_soyad": "Yay",
            "dr_cinsiyet": "female",
            "dr_dogum_gunu": "1999-07-23",
            "dr_email": "busrayay35@gmail.com",
            "dr_uzmanlik_alani": "anestezi",
            "dr_diploma_no": "DIP489539",
            "dr_telefon": "567 893 43 45",
            "dr_hastane_adi": "samsun devlet hastanesi"
        },
        {
            "id": 41,
            "dr_tc_kimlik_no": "35567685646",
            "dr_ad": "Ezgi",
            "dr_soyad": "Aksoy",
            "dr_cinsiyet": "female",
            "dr_dogum_gunu": "1994-02-24",
            "dr_email": "ezgiaksoy56@hotmail.com",
            "dr_uzmanlik_alani": "ftr",
            "dr_diploma_no": "DIP3743",
            "dr_telefon": "556 321 46 58",
            "dr_hastane_adi": "Acıbadem Hastanesi"
        },
        {
            "id": 42,
            "dr_tc_kimlik_no": "67654343445",
            "dr_ad": "Caner",
            "dr_soyad": "Uslu",
            "dr_cinsiyet": "male",
            "dr_dogum_gunu": "1996-10-23",
            "dr_email": "caneruslu349@gmail.com",
            "dr_uzmanlik_alani": "ftr",
            "dr_diploma_no": "DIP3434",
            "dr_telefon": "565 878 96 56",
            "dr_hastane_adi": "Özel Göztepe Hastanesi"
        },
        {
            "id": 43,
            "dr_tc_kimlik_no": "95483748763",
            "dr_ad": "Yasemin",
            "dr_soyad": "Çetin",
            "dr_cinsiyet": "female",
            "dr_dogum_gunu": "1996-12-25",
            "dr_email": "yaseminnn23@gmail.com",
            "dr_uzmanlik_alani": "gogus",
            "dr_diploma_no": "DIP3898493",
            "dr_telefon": "589 796 56 56",
            "dr_hastane_adi": "samsun devlet hastanesi"
        },
        {
            "id": 44,
            "dr_tc_kimlik_no": "23986543454",
            "dr_ad": "Serkan",
            "dr_soyad": "Çoban",
            "dr_cinsiyet": "male",
            "dr_dogum_gunu": "1998-07-24",
            "dr_email": "serkancobann44@hotmail.com",
            "dr_uzmanlik_alani": "gogus",
            "dr_diploma_no": "DIP23934",
            "dr_telefon": "565 643 45 55",
            "dr_hastane_adi": "gümüşhane devlet hastanesi"
        },
        {
            "id": 45,
            "dr_tc_kimlik_no": "65467434564",
            "dr_ad": "Merve",
            "dr_soyad": "Başaran",
            "dr_cinsiyet": "female",
            "dr_dogum_gunu": "2000-01-14",
            "dr_email": "mervebasaran23@gmail.com",
            "dr_uzmanlik_alani": "kadindogum",
            "dr_diploma_no": "DIP398432",
            "dr_telefon": "567 865 45 67",
            "dr_hastane_adi": "Özel Kent Hastanesi"
        },
        {
            "id": 46,
            "dr_tc_kimlik_no": "68674345464",
            "dr_ad": "Onur",
            "dr_soyad": "Demirhan",
            "dr_cinsiyet": "male",
            "dr_dogum_gunu": "1998-06-24",
            "dr_email": "onurdemirhan34@gmail.com",
            "dr_uzmanlik_alani": "kadindogum",
            "dr_diploma_no": "DIP555",
            "dr_telefon": "587 654 32 13",
            "dr_hastane_adi": "Acıbadem Hastanesi"
        },
        {
            "id": 47,
            "dr_tc_kimlik_no": "32398839939",
            "dr_ad": "Furkan",
            "dr_soyad": "Güçer",
            "dr_cinsiyet": "male",
            "dr_dogum_gunu": "1995-06-23",
            "dr_email": "furkan343@hotmail.com",
            "dr_uzmanlik_alani": "cocuk",
            "dr_diploma_no": "DIP37437",
            "dr_telefon": "589 485 68 96",
            "dr_hastane_adi": "samsun devlet hastanesi"
        },
        {
            "id": 48,
            "dr_tc_kimlik_no": "38947348746",
            "dr_ad": "Ece",
            "dr_soyad": "Çınar",
            "dr_cinsiyet": "female",
            "dr_dogum_gunu": "1999-06-24",
            "dr_email": "ececınar44@gmail.com",
            "dr_uzmanlik_alani": "cocuk",
            "dr_diploma_no": "DIP38483",
            "dr_telefon": "591 656 56 56",
            "dr_hastane_adi": "Özel Göztepe Hastanesi"
        },
        {
            "id": 49,
            "dr_tc_kimlik_no": "93849384938",
            "dr_ad": "Zeynep",
            "dr_soyad": "Aksoy",
            "dr_cinsiyet": "female",
            "dr_dogum_gunu": "1999-03-24",
            "dr_email": "zeynepaksoy23@gmail.com",
            "dr_uzmanlik_alani": "plastik",
            "dr_diploma_no": "DIP3873",
            "dr_telefon": "556 656 51 56",
            "dr_hastane_adi": "Acıbadem Hastanesi"
        },
        {
            "id": 50,
            "dr_tc_kimlik_no": "45675434223",
            "dr_ad": "Barış",
            "dr_soyad": "Tanrıverdi",
            "dr_cinsiyet": "male",
            "dr_dogum_gunu": "2000-02-08",
            "dr_email": "barıss345@hotmail.com",
            "dr_uzmanlik_alani": "plastik",
            "dr_diploma_no": "DIP38722",
            "dr_telefon": "583 784 73 87",
            "dr_hastane_adi": "samsun çarşamba devlet hastanesi"
        },
        {
            "id": 51,
            "dr_tc_kimlik_no": "87348378783",
            "dr_ad": "Yasin",
            "dr_soyad": "Yol",
            "dr_cinsiyet": "male",
            "dr_dogum_gunu": "1999-02-11",
            "dr_email": "yasinyol99@gmail.com",
            "dr_uzmanlik_alani": "radyoloji",
            "dr_diploma_no": "DIP87383",
            "dr_telefon": "546 566 56 56",
            "dr_hastane_adi": "Özel Kent Hastanesi"
        },
        {
            "id": 52,
            "dr_tc_kimlik_no": "48787878736",
            "dr_ad": "Ebru",
            "dr_soyad": "Yaşar",
            "dr_cinsiyet": "female",
            "dr_dogum_gunu": "1985-10-23",
            "dr_email": "ebruyasar456@gmail.com",
            "dr_uzmanlik_alani": "radyoloji",
            "dr_diploma_no": "DIP84783",
            "dr_telefon": "583 493 94 93",
            "dr_hastane_adi": "Acıbadem Hastanesi"
        },
        {
            "id": 53,
            "dr_tc_kimlik_no": "98349839489",
            "dr_ad": "Elif",
            "dr_soyad": "Taş",
            "dr_cinsiyet": "female",
            "dr_dogum_gunu": "2000-07-23",
            "dr_email": "eliftas5532@hotmail.com",
            "dr_uzmanlik_alani": "dermatoloji",
            "dr_diploma_no": "DIP83748",
            "dr_telefon": "598 373 38 27",
            "dr_hastane_adi": "samsun çarşamba devlet hastanesi"
        },
        {
            "id": 54,
            "dr_tc_kimlik_no": "98347847837",
            "dr_ad": "Arda",
            "dr_soyad": "Irmak",
            "dr_cinsiyet": "male",
            "dr_dogum_gunu": "2000-10-10",
            "dr_email": "arda5555@gmail.com",
            "dr_uzmanlik_alani": "dermatoloji",
            "dr_diploma_no": "DIP5555",
            "dr_telefon": "552 845 78 98",
            "dr_hastane_adi": "samsun devlet hastanesi"
        }
    ],
    "appointments": [
        {
            "id": 1,
            "hasta_adi": "ömer faruk çoşkun",
            "tc_no": "44444444444",
            "telefon": "05524569878",
            "doktor_bolumu": "kardiyoloji",
            "randevu_tarihi": "2025-05-21",
            "randevu_saati": "09:30",
            "kullanici_id": 1,
            "durum": "Reddedildi"
        },
        {
            "id": 2,
            "hasta_adi": "ömer faruk çoşkun",
            "tc_no": "44444444444",
            "telefon": "05524569878",
            "doktor_bolumu": "noroloji",
            "randevu_tarihi": "2025-05-23",
            "randevu_saati": "11:30",
            "kullanici_id": 1,
            "durum": "Beklemede"
        },
        {
            "id": 3,
            "hasta_adi": "ömer faruk çoşkun",
            "tc_no": "44444444444",
            "telefon": "05524569878",
            "doktor_bolumu": "dahiliye",
            "randevu_tarihi": "2025-05-29",
            "randevu_saati": "12:00",
            "kullanici_id": 1,
            "durum": "Beklemede"
        },
        {
            "id": 4,
            "hasta_adi": "ömer faruk çoşkun",
            "tc_no": "44444444444",
            "telefon": "05524569878",
            "doktor_bolumu": "dermatoloji",
            "randevu_tarihi": "2025-05-24",
            "randevu_saati": "11:00",
            "kullanici_id": 1,
            "durum": "Onaylandı"
        }
    ]
}